{"cameraMode":{"drawMode":0,"name":"Shaded","section":"Shading Mode"},"sceneLighting":true,"audioPlay":false,"sceneViewState":{"m_AlwaysRefresh":false,"showFog":true,"showSkybox":true,"showFlares":true,"showImageEffects":true,"showParticleSystems":true,"showVisualEffectGraphs":true,"m_FxEnabled":true},"in2DMode":false,"pivot":{"x":8.260674476623536,"y":0.9284323453903198,"z":28.303211212158204},"rotation":{"x":0.005658145062625408,"y":-0.10570460557937622,"z":-0.0006027193740010262,"w":-0.9943904876708984},"size":10.920249938964844,"orthographic":false}